Epoch,Type (TRAIN),Mean Accuracy (TRAIN),Precision (TRAIN),Sensitivity (TRAIN),Specificity (TRAIN),FNR (TRAIN),F1 Score (TRAIN),Epoch,Type (VAL),Mean Accuracy (VAL),Precision (VAL),Sensitivity (VAL),Specificity (VAL),FNR (VAL),F1 Score (VAL),Epoch,Type (TEST),Mean Accuracy (TEST),Precision (TEST),Sensitivity (TEST),Specificity (TEST),FNR (TEST),F1 Score (TEST),Epoch,Type (TEST),Mean Accuracy (TEST),Precision (TEST),Sensitivity (TEST),Specificity (TEST),FNR (TEST),F1 Score (TEST)
0,Overall (Macro-Average),9.671993271656856,10.174984116576523,3.1702775966180647,97.68164923572157,96.82972240338195,4.298473329277224,0,Overall (Macro-Average),9.844559585492227,6.5381708238851095,1.896983838907614,98.80093546852704,98.10301616109238,2.935154788379399,1,Overall (Macro-Average),15.384615384615385,8.339517625231911,8.61928520517259,94.63890547782343,91.38071479482741,4.337441565934289,1,Overall (Macro-Average),18.34319526627219,17.30068918573981,8.949051880656155,95.80763326064077,91.05094811934384,9.122003250042765
0,Soft tissue swelling,86.8376787216148,11.235955056179774,4.098360655737705,96.29803186504218,95.90163934426229,6.006006006006005,0,Soft tissue swelling,83.93782383419689,0.0,0.0,100.0,100.0,0.0,1,Soft tissue swelling,80.4733727810651,0.0,0.0,98.55072463768117,100.0,0.0,1,Soft tissue swelling,82.24852071005917,100.0,3.225806451612903,100.0,96.7741935483871,6.25
0,Joint effusion,79.01597981497056,12.5,0.2028397565922921,99.62864721485411,99.79716024340772,0.3992015968063872,0,Joint effusion,67.87564766839378,0.0,0.0,100.0,100.0,0.0,1,Joint effusion,62.1301775147929,28.57142857142857,3.278688524590164,95.37037037037037,96.72131147540983,5.88235294117647,1,Joint effusion,63.31360946745562,47.82608695652174,18.0327868852459,88.88888888888889,81.9672131147541,26.19047619047619
0,Distal humerus,97.30866274179984,0.0,0.0,100.0,100.0,0.0,0,Distal humerus,93.78238341968913,0.0,0.0,100.0,100.0,0.0,1,Distal humerus,94.67455621301775,0.0,0.0,100.0,100.0,0.0,1,Distal humerus,94.67455621301775,0.0,0.0,100.0,100.0,0.0
0,supracondylar,70.01682085786375,41.53846153846154,7.814761215629522,95.4949614700652,92.18523878437048,13.15468940316687,0,supracondylar,58.549222797927456,62.96296296296296,19.54022988505747,90.56603773584906,80.45977011494253,29.82456140350877,1,supracondylar,51.4792899408284,72.72727272727273,17.391304347826086,92.20779220779221,82.6086956521739,28.07017543859649,1,supracondylar,57.98816568047337,64.38356164383562,51.08695652173913,66.23376623376623,48.91304347826087,56.96969696969697
0,medial epicondyle displaced,96.21530698065601,0.0,0.0,99.17641959254443,100.0,0.0,0,medial epicondyle displaced,92.74611398963731,0.0,0.0,100.0,100.0,0.0,1,medial epicondyle displaced,95.26627218934911,0.0,0.0,100.0,100.0,0.0,1,medial epicondyle displaced,95.26627218934911,0.0,0.0,100.0,100.0,0.0
0,lateral epicondyle displaced,95.24810765349034,0.0,0.0,99.91177767975297,100.0,0.0,0,lateral epicondyle displaced,93.78238341968913,0.0,0.0,100.0,100.0,0.0,1,lateral epicondyle displaced,89.3491124260355,0.0,0.0,100.0,100.0,0.0,1,lateral epicondyle displaced,89.3491124260355,0.0,0.0,100.0,100.0,0.0
0,olecranon,95.878889823381,5.769230769230769,5.769230769230769,97.8933791917455,94.23076923076923,5.769230769230769,0,olecranon,96.89119170984456,0.0,0.0,100.0,100.0,0.0,1,olecranon,96.44970414201184,0.0,0.0,100.0,100.0,0.0,1,olecranon,96.44970414201184,0.0,0.0,100.0,100.0,0.0
0,Elbow dislocation anterior,96.8040370058873,0.0,0.0,97.29501267962807,100.0,0.0,0,Elbow dislocation anterior,98.96373056994818,0.0,0.0,100.0,100.0,0.0,1,Elbow dislocation anterior,98.81656804733728,0.0,0.0,100.0,100.0,0.0,1,Elbow dislocation anterior,98.81656804733728,0.0,0.0,100.0,100.0,0.0
0,Elbow dislocation posterior,96.00504625735913,2.0,2.127659574468085,97.8978978978979,97.87234042553192,2.0618556701030926,0,Elbow dislocation posterior,98.96373056994818,0.0,0.0,100.0,100.0,0.0,1,Elbow dislocation posterior,98.81656804733728,0.0,0.0,100.0,100.0,0.0,1,Elbow dislocation posterior,98.81656804733728,0.0,0.0,100.0,100.0,0.0
0,proximal radial,96.88814129520605,2.7777777777777777,2.5,98.50299401197606,97.5,2.6315789473684212,0,proximal radial,98.96373056994818,0.0,0.0,100.0,100.0,0.0,1,proximal radial,96.44970414201184,0.0,0.0,100.0,100.0,0.0,1,proximal radial,96.44970414201184,0.0,0.0,100.0,100.0,0.0
0,radial head,99.41126997476871,0.0,0.0,100.0,100.0,0.0,0,radial head,98.96373056994818,0.0,0.0,100.0,100.0,0.0,1,radial head,95.26627218934911,0.0,0.0,100.0,100.0,0.0,1,radial head,95.26627218934911,0.0,0.0,100.0,100.0,0.0
0,radial head subluxation,99.15895710681245,0.0,0.0,99.91525423728814,100.0,0.0,0,radial head subluxation,98.96373056994818,0.0,0.0,100.0,100.0,0.0,1,radial head subluxation,98.22485207100591,0.0,0.0,100.0,100.0,0.0,1,radial head subluxation,98.22485207100591,0.0,0.0,100.0,100.0,0.0
0,proximal ulnar metaphysis,95.16400336417156,1.1111111111111112,3.7037037037037033,96.21437686091025,96.29629629629629,1.7094017094017093,0,proximal ulnar metaphysis,99.48186528497409,0.0,0.0,100.0,100.0,0.0,1,proximal ulnar metaphysis,97.0414201183432,0.0,0.0,100.0,100.0,0.0,1,proximal ulnar metaphysis,97.0414201183432,0.0,0.0,100.0,100.0,0.0
0,normal,51.76619007569386,65.51724137931035,18.167330677290835,89.31433659839715,81.83266932270917,28.44666250779788,0,normal,67.35751295336787,28.57142857142857,7.017543859649122,92.64705882352942,92.98245614035088,11.267605633802816,1,normal,44.97041420118343,15.454545454545453,100.0,38.81578947368421,0.0,26.771653543307085,1,normal,82.84023668639054,30.0,52.94117647058824,86.18421052631578,47.05882352941176,38.297872340425535
1,Overall (Macro-Average),15.979814970563499,10.338640950885848,2.4534732683901566,99.20836028432198,97.54652673160986,3.8080772277505353,1,Overall (Macro-Average),6.7357512953367875,8.758503401360544,1.4994382507994122,99.35488346281909,98.5005617492006,2.3024594453165883,1,Overall (Macro-Average),15.384615384615385,8.339517625231911,8.61928520517259,94.63890547782343,91.38071479482741,4.337441565934289,1,Overall (Macro-Average),18.34319526627219,17.30068918573981,8.949051880656155,95.80763326064077,91.05094811934384,9.122003250042765
1,Soft tissue swelling,89.73927670311186,0.0,0.0,100.0,100.0,0.0,1,Soft tissue swelling,83.93782383419689,0.0,0.0,100.0,100.0,0.0,1,Soft tissue swelling,80.4733727810651,0.0,0.0,98.55072463768117,100.0,0.0,1,Soft tissue swelling,82.24852071005917,100.0,3.225806451612903,100.0,96.7741935483871,6.25
1,Joint effusion,79.26829268292683,0.0,0.0,100.0,100.0,0.0,1,Joint effusion,67.87564766839378,0.0,0.0,100.0,100.0,0.0,1,Joint effusion,62.1301775147929,28.57142857142857,3.278688524590164,95.37037037037037,96.72131147540983,5.88235294117647,1,Joint effusion,63.31360946745562,47.82608695652174,18.0327868852459,88.88888888888889,81.9672131147541,26.19047619047619
1,Distal humerus,97.26661059714046,0.0,0.0,99.95678478824547,100.0,0.0,1,Distal humerus,93.78238341968913,0.0,0.0,100.0,100.0,0.0,1,Distal humerus,94.67455621301775,0.0,0.0,100.0,100.0,0.0,1,Distal humerus,94.67455621301775,0.0,0.0,100.0,100.0,0.0
1,supracondylar,72.20353238015139,69.23076923076923,7.814761215629522,98.5773562537048,92.18523878437048,14.044213263979195,1,supracondylar,55.95854922279793,75.0,3.4482758620689653,99.05660377358491,96.55172413793103,6.593406593406592,1,supracondylar,51.4792899408284,72.72727272727273,17.391304347826086,92.20779220779221,82.6086956521739,28.07017543859649,1,supracondylar,57.98816568047337,64.38356164383562,51.08695652173913,66.23376623376623,48.91304347826087,56.96969696969697
1,medial epicondyle displaced,97.01429772918418,0.0,0.0,100.0,100.0,0.0,1,medial epicondyle displaced,92.74611398963731,0.0,0.0,100.0,100.0,0.0,1,medial epicondyle displaced,95.26627218934911,0.0,0.0,100.0,100.0,0.0,1,medial epicondyle displaced,95.26627218934911,0.0,0.0,100.0,100.0,0.0
1,lateral epicondyle displaced,95.33221194280908,0.0,0.0,100.0,100.0,0.0,1,lateral epicondyle displaced,93.78238341968913,0.0,0.0,100.0,100.0,0.0,1,lateral epicondyle displaced,89.3491124260355,0.0,0.0,100.0,100.0,0.0,1,lateral epicondyle displaced,89.3491124260355,0.0,0.0,100.0,100.0,0.0
1,olecranon,97.81328847771236,0.0,0.0,100.0,100.0,0.0,1,olecranon,96.89119170984456,0.0,0.0,100.0,100.0,0.0,1,olecranon,96.44970414201184,0.0,0.0,100.0,100.0,0.0,1,olecranon,96.44970414201184,0.0,0.0,100.0,100.0,0.0
1,Elbow dislocation anterior,99.49537426408746,0.0,0.0,100.0,100.0,0.0,1,Elbow dislocation anterior,98.96373056994818,0.0,0.0,100.0,100.0,0.0,1,Elbow dislocation anterior,98.81656804733728,0.0,0.0,100.0,100.0,0.0,1,Elbow dislocation anterior,98.81656804733728,0.0,0.0,100.0,100.0,0.0
1,Elbow dislocation posterior,98.02354920100925,0.0,0.0,100.0,100.0,0.0,1,Elbow dislocation posterior,98.96373056994818,0.0,0.0,100.0,100.0,0.0,1,Elbow dislocation posterior,98.81656804733728,0.0,0.0,100.0,100.0,0.0,1,Elbow dislocation posterior,98.81656804733728,0.0,0.0,100.0,100.0,0.0
1,proximal radial,98.31791421362489,0.0,0.0,100.0,100.0,0.0,1,proximal radial,98.96373056994818,0.0,0.0,100.0,100.0,0.0,1,proximal radial,96.44970414201184,0.0,0.0,100.0,100.0,0.0,1,proximal radial,96.44970414201184,0.0,0.0,100.0,100.0,0.0
1,radial head,99.41126997476871,0.0,0.0,100.0,100.0,0.0,1,radial head,98.96373056994818,0.0,0.0,100.0,100.0,0.0,1,radial head,95.26627218934911,0.0,0.0,100.0,100.0,0.0,1,radial head,95.26627218934911,0.0,0.0,100.0,100.0,0.0
1,radial head subluxation,99.24306139613121,0.0,0.0,100.0,100.0,0.0,1,radial head subluxation,98.96373056994818,0.0,0.0,100.0,100.0,0.0,1,radial head subluxation,98.22485207100591,0.0,0.0,100.0,100.0,0.0,1,radial head subluxation,98.22485207100591,0.0,0.0,100.0,100.0,0.0
1,proximal ulnar metaphysis,98.86459209419681,0.0,0.0,100.0,100.0,0.0,1,proximal ulnar metaphysis,99.48186528497409,0.0,0.0,100.0,100.0,0.0,1,proximal ulnar metaphysis,97.0414201183432,0.0,0.0,100.0,100.0,0.0,1,proximal ulnar metaphysis,97.0414201183432,0.0,0.0,100.0,100.0,0.0
1,normal,56.68629100084104,75.51020408163265,26.53386454183267,90.38290293855744,73.46613545816733,39.2688679245283,1,normal,69.94818652849742,47.61904761904761,17.543859649122805,91.91176470588235,82.45614035087719,25.64102564102564,1,normal,44.97041420118343,15.454545454545453,100.0,38.81578947368421,0.0,26.771653543307085,1,normal,82.84023668639054,30.0,52.94117647058824,86.18421052631578,47.05882352941176,38.297872340425535
2,Overall (Macro-Average),22.20353238015139,10.792907326865173,3.4739767413702642,99.17805706275196,96.52602325862973,5.082724499027752,2,Overall (Macro-Average),16.580310880829018,9.11784068466096,3.7507562008469444,98.04185825273505,96.24924379915306,4.033102602743225,1,Overall (Macro-Average),15.384615384615385,8.339517625231911,8.61928520517259,94.63890547782343,91.38071479482741,4.337441565934289,1,Overall (Macro-Average),18.34319526627219,17.30068918573981,8.949051880656155,95.80763326064077,91.05094811934384,9.122003250042765
2,Soft tissue swelling,89.73927670311186,0.0,0.0,100.0,100.0,0.0,2,Soft tissue swelling,83.93782383419689,0.0,0.0,100.0,100.0,0.0,1,Soft tissue swelling,80.4733727810651,0.0,0.0,98.55072463768117,100.0,0.0,1,Soft tissue swelling,82.24852071005917,100.0,3.225806451612903,100.0,96.7741935483871,6.25
2,Joint effusion,79.22624053826746,0.0,0.0,99.94694960212202,100.0,0.0,2,Joint effusion,67.87564766839378,0.0,0.0,100.0,100.0,0.0,1,Joint effusion,62.1301775147929,28.57142857142857,3.278688524590164,95.37037037037037,96.72131147540983,5.88235294117647,1,Joint effusion,63.31360946745562,47.82608695652174,18.0327868852459,88.88888888888889,81.9672131147541,26.19047619047619
2,Distal humerus,97.30866274179984,0.0,0.0,100.0,100.0,0.0,2,Distal humerus,93.78238341968913,0.0,0.0,100.0,100.0,0.0,1,Distal humerus,94.67455621301775,0.0,0.0,100.0,100.0,0.0,1,Distal humerus,94.67455621301775,0.0,0.0,100.0,100.0,0.0
2,supracondylar,72.96047098402019,69.67213114754098,12.301013024602025,97.8067575577949,87.69898697539797,20.910209102091017,2,supracondylar,57.51295336787565,85.71428571428571,6.896551724137931,99.05660377358491,93.10344827586206,12.765957446808509,1,supracondylar,51.4792899408284,72.72727272727273,17.391304347826086,92.20779220779221,82.6086956521739,28.07017543859649,1,supracondylar,57.98816568047337,64.38356164383562,51.08695652173913,66.23376623376623,48.91304347826087,56.96969696969697
2,medial epicondyle displaced,97.01429772918418,0.0,0.0,100.0,100.0,0.0,2,medial epicondyle displaced,92.74611398963731,0.0,0.0,100.0,100.0,0.0,1,medial epicondyle displaced,95.26627218934911,0.0,0.0,100.0,100.0,0.0,1,medial epicondyle displaced,95.26627218934911,0.0,0.0,100.0,100.0,0.0
2,lateral epicondyle displaced,95.33221194280908,0.0,0.0,100.0,100.0,0.0,2,lateral epicondyle displaced,93.78238341968913,0.0,0.0,100.0,100.0,0.0,1,lateral epicondyle displaced,89.3491124260355,0.0,0.0,100.0,100.0,0.0,1,lateral epicondyle displaced,89.3491124260355,0.0,0.0,100.0,100.0,0.0
2,olecranon,97.81328847771236,0.0,0.0,100.0,100.0,0.0,2,olecranon,96.89119170984456,0.0,0.0,100.0,100.0,0.0,1,olecranon,96.44970414201184,0.0,0.0,100.0,100.0,0.0,1,olecranon,96.44970414201184,0.0,0.0,100.0,100.0,0.0
2,Elbow dislocation anterior,99.49537426408746,0.0,0.0,100.0,100.0,0.0,2,Elbow dislocation anterior,98.96373056994818,0.0,0.0,100.0,100.0,0.0,1,Elbow dislocation anterior,98.81656804733728,0.0,0.0,100.0,100.0,0.0,1,Elbow dislocation anterior,98.81656804733728,0.0,0.0,100.0,100.0,0.0
2,Elbow dislocation posterior,98.02354920100925,0.0,0.0,100.0,100.0,0.0,2,Elbow dislocation posterior,98.96373056994818,0.0,0.0,100.0,100.0,0.0,1,Elbow dislocation posterior,98.81656804733728,0.0,0.0,100.0,100.0,0.0,1,Elbow dislocation posterior,98.81656804733728,0.0,0.0,100.0,100.0,0.0
2,proximal radial,98.31791421362489,0.0,0.0,100.0,100.0,0.0,2,proximal radial,98.96373056994818,0.0,0.0,100.0,100.0,0.0,1,proximal radial,96.44970414201184,0.0,0.0,100.0,100.0,0.0,1,proximal radial,96.44970414201184,0.0,0.0,100.0,100.0,0.0
2,radial head,99.41126997476871,0.0,0.0,100.0,100.0,0.0,2,radial head,98.96373056994818,0.0,0.0,100.0,100.0,0.0,1,radial head,95.26627218934911,0.0,0.0,100.0,100.0,0.0,1,radial head,95.26627218934911,0.0,0.0,100.0,100.0,0.0
2,radial head subluxation,99.24306139613121,0.0,0.0,100.0,100.0,0.0,2,radial head subluxation,98.96373056994818,0.0,0.0,100.0,100.0,0.0,1,radial head subluxation,98.22485207100591,0.0,0.0,100.0,100.0,0.0,1,radial head subluxation,98.22485207100591,0.0,0.0,100.0,100.0,0.0
2,proximal ulnar metaphysis,98.86459209419681,0.0,0.0,100.0,100.0,0.0,2,proximal ulnar metaphysis,99.48186528497409,0.0,0.0,100.0,100.0,0.0,1,proximal ulnar metaphysis,97.0414201183432,0.0,0.0,100.0,100.0,0.0,1,proximal ulnar metaphysis,97.0414201183432,0.0,0.0,100.0,100.0,0.0
2,normal,62.026913372582,81.42857142857143,36.33466135458167,90.73909171861087,63.66533864541832,50.24793388429752,2,normal,65.28497409326425,41.935483870967744,45.614035087719294,73.52941176470588,54.385964912280706,43.69747899159664,1,normal,44.97041420118343,15.454545454545453,100.0,38.81578947368421,0.0,26.771653543307085,1,normal,82.84023668639054,30.0,52.94117647058824,86.18421052631578,47.05882352941176,38.297872340425535
3,Overall (Macro-Average),25.69386038687973,12.60855083873312,4.066290743763111,98.91064340730088,95.93370925623688,5.669560581670447,3,Overall (Macro-Average),16.580310880829018,2.821869488536155,4.010025062656641,97.31741933414587,95.98997493734336,3.3126293995859206,1,Overall (Macro-Average),15.384615384615385,8.339517625231911,8.61928520517259,94.63890547782343,91.38071479482741,4.337441565934289,1,Overall (Macro-Average),18.34319526627219,17.30068918573981,8.949051880656155,95.80763326064077,91.05094811934384,9.122003250042765
3,Soft tissue swelling,89.73927670311186,0.0,0.0,100.0,100.0,0.0,3,Soft tissue swelling,83.93782383419689,0.0,0.0,100.0,100.0,0.0,1,Soft tissue swelling,80.4733727810651,0.0,0.0,98.55072463768117,100.0,0.0,1,Soft tissue swelling,82.24852071005917,100.0,3.225806451612903,100.0,96.7741935483871,6.25
3,Joint effusion,79.14213624894869,28.57142857142857,0.4056795131845842,99.73474801061008,99.59432048681542,0.7999999999999999,3,Joint effusion,66.83937823834198,0.0,0.0,98.47328244274809,100.0,0.0,1,Joint effusion,62.1301775147929,28.57142857142857,3.278688524590164,95.37037037037037,96.72131147540983,5.88235294117647,1,Joint effusion,63.31360946745562,47.82608695652174,18.0327868852459,88.88888888888889,81.9672131147541,26.19047619047619
3,Distal humerus,97.30866274179984,0.0,0.0,100.0,100.0,0.0,3,Distal humerus,93.78238341968913,0.0,0.0,100.0,100.0,0.0,1,Distal humerus,94.67455621301775,0.0,0.0,100.0,100.0,0.0,1,Distal humerus,94.67455621301775,0.0,0.0,100.0,100.0,0.0
3,supracondylar,73.1286795626577,68.57142857142857,13.892908827785819,97.3918197984588,86.10709117221418,23.104693140794225,3,supracondylar,54.92227979274611,0.0,0.0,100.0,100.0,0.0,1,supracondylar,51.4792899408284,72.72727272727273,17.391304347826086,92.20779220779221,82.6086956521739,28.07017543859649,1,supracondylar,57.98816568047337,64.38356164383562,51.08695652173913,66.23376623376623,48.91304347826087,56.96969696969697
3,medial epicondyle displaced,97.01429772918418,0.0,0.0,100.0,100.0,0.0,3,medial epicondyle displaced,92.74611398963731,0.0,0.0,100.0,100.0,0.0,1,medial epicondyle displaced,95.26627218934911,0.0,0.0,100.0,100.0,0.0,1,medial epicondyle displaced,95.26627218934911,0.0,0.0,100.0,100.0,0.0
3,lateral epicondyle displaced,95.33221194280908,0.0,0.0,100.0,100.0,0.0,3,lateral epicondyle displaced,93.78238341968913,0.0,0.0,100.0,100.0,0.0,1,lateral epicondyle displaced,89.3491124260355,0.0,0.0,100.0,100.0,0.0,1,lateral epicondyle displaced,89.3491124260355,0.0,0.0,100.0,100.0,0.0
3,olecranon,97.81328847771236,0.0,0.0,100.0,100.0,0.0,3,olecranon,96.89119170984456,0.0,0.0,100.0,100.0,0.0,1,olecranon,96.44970414201184,0.0,0.0,100.0,100.0,0.0,1,olecranon,96.44970414201184,0.0,0.0,100.0,100.0,0.0
3,Elbow dislocation anterior,99.49537426408746,0.0,0.0,100.0,100.0,0.0,3,Elbow dislocation anterior,98.96373056994818,0.0,0.0,100.0,100.0,0.0,1,Elbow dislocation anterior,98.81656804733728,0.0,0.0,100.0,100.0,0.0,1,Elbow dislocation anterior,98.81656804733728,0.0,0.0,100.0,100.0,0.0
3,Elbow dislocation posterior,98.02354920100925,0.0,0.0,100.0,100.0,0.0,3,Elbow dislocation posterior,98.96373056994818,0.0,0.0,100.0,100.0,0.0,1,Elbow dislocation posterior,98.81656804733728,0.0,0.0,100.0,100.0,0.0,1,Elbow dislocation posterior,98.81656804733728,0.0,0.0,100.0,100.0,0.0
3,proximal radial,98.31791421362489,0.0,0.0,100.0,100.0,0.0,3,proximal radial,98.96373056994818,0.0,0.0,100.0,100.0,0.0,1,proximal radial,96.44970414201184,0.0,0.0,100.0,100.0,0.0,1,proximal radial,96.44970414201184,0.0,0.0,100.0,100.0,0.0
3,radial head,99.41126997476871,0.0,0.0,100.0,100.0,0.0,3,radial head,98.96373056994818,0.0,0.0,100.0,100.0,0.0,1,radial head,95.26627218934911,0.0,0.0,100.0,100.0,0.0,1,radial head,95.26627218934911,0.0,0.0,100.0,100.0,0.0
3,radial head subluxation,99.24306139613121,0.0,0.0,100.0,100.0,0.0,3,radial head subluxation,98.96373056994818,0.0,0.0,100.0,100.0,0.0,1,radial head subluxation,98.22485207100591,0.0,0.0,100.0,100.0,0.0,1,radial head subluxation,98.22485207100591,0.0,0.0,100.0,100.0,0.0
3,proximal ulnar metaphysis,98.86459209419681,0.0,0.0,100.0,100.0,0.0,3,proximal ulnar metaphysis,99.48186528497409,0.0,0.0,100.0,100.0,0.0,1,proximal ulnar metaphysis,97.0414201183432,0.0,0.0,100.0,100.0,0.0,1,proximal ulnar metaphysis,97.0414201183432,0.0,0.0,100.0,100.0,0.0
3,normal,63.877207737594624,79.37685459940653,42.62948207171315,87.62243989314337,57.37051792828686,55.469155002592025,3,normal,61.6580310880829,39.50617283950617,56.14035087719298,63.970588235294116,43.859649122807014,46.37681159420289,1,normal,44.97041420118343,15.454545454545453,100.0,38.81578947368421,0.0,26.771653543307085,1,normal,82.84023668639054,30.0,52.94117647058824,86.18421052631578,47.05882352941176,38.297872340425535
4,Overall (Macro-Average),28.931875525651808,14.927118000400753,4.791899827610424,98.92964665102627,95.20810017238958,6.589801245291767,4,Overall (Macro-Average),13.989637305699482,2.7551020408163267,3.3834586466165413,97.74159663865547,96.61654135338345,3.0371203599550065,1,Overall (Macro-Average),15.384615384615385,8.339517625231911,8.61928520517259,94.63890547782343,91.38071479482741,4.337441565934289,1,Overall (Macro-Average),18.34319526627219,17.30068918573981,8.949051880656155,95.80763326064077,91.05094811934384,9.122003250042765
4,Soft tissue swelling,89.73927670311186,0.0,0.0,100.0,100.0,0.0,4,Soft tissue swelling,83.93782383419689,0.0,0.0,100.0,100.0,0.0,1,Soft tissue swelling,80.4733727810651,0.0,0.0,98.55072463768117,100.0,0.0,1,Soft tissue swelling,82.24852071005917,100.0,3.225806451612903,100.0,96.7741935483871,6.25
4,Joint effusion,79.35239697224559,56.25,1.8255578093306288,99.62864721485411,98.17444219066938,3.5363457760314345,4,Joint effusion,67.87564766839378,0.0,0.0,100.0,100.0,0.0,1,Joint effusion,62.1301775147929,28.57142857142857,3.278688524590164,95.37037037037037,96.72131147540983,5.88235294117647,1,Joint effusion,63.31360946745562,47.82608695652174,18.0327868852459,88.88888888888889,81.9672131147541,26.19047619047619
4,Distal humerus,97.30866274179984,0.0,0.0,100.0,100.0,0.0,4,Distal humerus,93.78238341968913,0.0,0.0,100.0,100.0,0.0,1,Distal humerus,94.67455621301775,0.0,0.0,100.0,100.0,0.0,1,Distal humerus,94.67455621301775,0.0,0.0,100.0,100.0,0.0
4,supracondylar,74.01177460050462,70.62146892655367,18.08972503617945,96.9176052163604,81.91027496382056,28.80184331797235,4,supracondylar,54.92227979274611,0.0,0.0,100.0,100.0,0.0,1,supracondylar,51.4792899408284,72.72727272727273,17.391304347826086,92.20779220779221,82.6086956521739,28.07017543859649,1,supracondylar,57.98816568047337,64.38356164383562,51.08695652173913,66.23376623376623,48.91304347826087,56.96969696969697
4,medial epicondyle displaced,97.01429772918418,0.0,0.0,100.0,100.0,0.0,4,medial epicondyle displaced,92.74611398963731,0.0,0.0,100.0,100.0,0.0,1,medial epicondyle displaced,95.26627218934911,0.0,0.0,100.0,100.0,0.0,1,medial epicondyle displaced,95.26627218934911,0.0,0.0,100.0,100.0,0.0
4,lateral epicondyle displaced,95.29015979814972,0.0,0.0,99.95588883987648,100.0,0.0,4,lateral epicondyle displaced,93.78238341968913,0.0,0.0,100.0,100.0,0.0,1,lateral epicondyle displaced,89.3491124260355,0.0,0.0,100.0,100.0,0.0,1,lateral epicondyle displaced,89.3491124260355,0.0,0.0,100.0,100.0,0.0
4,olecranon,97.81328847771236,0.0,0.0,100.0,100.0,0.0,4,olecranon,96.89119170984456,0.0,0.0,100.0,100.0,0.0,1,olecranon,96.44970414201184,0.0,0.0,100.0,100.0,0.0,1,olecranon,96.44970414201184,0.0,0.0,100.0,100.0,0.0
4,Elbow dislocation anterior,99.49537426408746,0.0,0.0,100.0,100.0,0.0,4,Elbow dislocation anterior,98.96373056994818,0.0,0.0,100.0,100.0,0.0,1,Elbow dislocation anterior,98.81656804733728,0.0,0.0,100.0,100.0,0.0,1,Elbow dislocation anterior,98.81656804733728,0.0,0.0,100.0,100.0,0.0
4,Elbow dislocation posterior,98.02354920100925,0.0,0.0,100.0,100.0,0.0,4,Elbow dislocation posterior,98.96373056994818,0.0,0.0,100.0,100.0,0.0,1,Elbow dislocation posterior,98.81656804733728,0.0,0.0,100.0,100.0,0.0,1,Elbow dislocation posterior,98.81656804733728,0.0,0.0,100.0,100.0,0.0
4,proximal radial,98.31791421362489,0.0,0.0,100.0,100.0,0.0,4,proximal radial,98.96373056994818,0.0,0.0,100.0,100.0,0.0,1,proximal radial,96.44970414201184,0.0,0.0,100.0,100.0,0.0,1,proximal radial,96.44970414201184,0.0,0.0,100.0,100.0,0.0
4,radial head,99.41126997476871,0.0,0.0,100.0,100.0,0.0,4,radial head,98.96373056994818,0.0,0.0,100.0,100.0,0.0,1,radial head,95.26627218934911,0.0,0.0,100.0,100.0,0.0,1,radial head,95.26627218934911,0.0,0.0,100.0,100.0,0.0
4,radial head subluxation,99.24306139613121,0.0,0.0,100.0,100.0,0.0,4,radial head subluxation,98.96373056994818,0.0,0.0,100.0,100.0,0.0,1,radial head subluxation,98.22485207100591,0.0,0.0,100.0,100.0,0.0,1,radial head subluxation,98.22485207100591,0.0,0.0,100.0,100.0,0.0
4,proximal ulnar metaphysis,98.86459209419681,0.0,0.0,100.0,100.0,0.0,4,proximal ulnar metaphysis,99.48186528497409,0.0,0.0,100.0,100.0,0.0,1,proximal ulnar metaphysis,97.0414201183432,0.0,0.0,100.0,100.0,0.0,1,proximal ulnar metaphysis,97.0414201183432,0.0,0.0,100.0,100.0,0.0
4,normal,66.69470142977292,82.10818307905686,47.17131474103586,88.51291184327692,52.82868525896415,59.91902834008096,4,normal,62.17616580310881,38.57142857142858,47.368421052631575,68.38235294117648,52.63157894736842,42.51968503937009,1,normal,44.97041420118343,15.454545454545453,100.0,38.81578947368421,0.0,26.771653543307085,1,normal,82.84023668639054,30.0,52.94117647058824,86.18421052631578,47.05882352941176,38.297872340425535
5,Overall (Macro-Average),28.427249789739278,10.497887905502688,4.545119089488645,98.90060656110556,95.45488091051136,6.192607739948309,5,Overall (Macro-Average),16.580310880829018,9.196428571428571,3.508771929824561,98.89111304899316,96.49122807017542,5.023344684654144,1,Overall (Macro-Average),15.384615384615385,8.339517625231911,8.61928520517259,94.63890547782343,91.38071479482741,4.337441565934289,1,Overall (Macro-Average),18.34319526627219,17.30068918573981,8.949051880656155,95.80763326064077,91.05094811934384,9.122003250042765
5,Soft tissue swelling,89.73927670311186,0.0,0.0,100.0,100.0,0.0,5,Soft tissue swelling,83.93782383419689,0.0,0.0,100.0,100.0,0.0,1,Soft tissue swelling,80.4733727810651,0.0,0.0,98.55072463768117,100.0,0.0,1,Soft tissue swelling,82.24852071005917,100.0,3.225806451612903,100.0,96.7741935483871,6.25
5,Joint effusion,79.26829268292683,0.0,0.0,100.0,100.0,0.0,5,Joint effusion,67.87564766839378,0.0,0.0,100.0,100.0,0.0,1,Joint effusion,62.1301775147929,28.57142857142857,3.278688524590164,95.37037037037037,96.72131147540983,5.88235294117647,1,Joint effusion,63.31360946745562,47.82608695652174,18.0327868852459,88.88888888888889,81.9672131147541,26.19047619047619
5,Distal humerus,97.05634987384356,0.0,0.0,99.74070872947277,100.0,0.0,5,Distal humerus,93.78238341968913,0.0,0.0,100.0,100.0,0.0,1,Distal humerus,94.67455621301775,0.0,0.0,100.0,100.0,0.0,1,Distal humerus,94.67455621301775,0.0,0.0,100.0,100.0,0.0
5,supracondylar,73.2968881412952,64.8936170212766,17.655571635311144,96.0877296976882,82.34442836468887,27.75881683731513,5,supracondylar,64.24870466321244,72.5,33.33333333333333,89.62264150943396,66.66666666666666,45.669291338582674,1,supracondylar,51.4792899408284,72.72727272727273,17.391304347826086,92.20779220779221,82.6086956521739,28.07017543859649,1,supracondylar,57.98816568047337,64.38356164383562,51.08695652173913,66.23376623376623,48.91304347826087,56.96969696969697
5,medial epicondyle displaced,97.01429772918418,0.0,0.0,100.0,100.0,0.0,5,medial epicondyle displaced,92.74611398963731,0.0,0.0,100.0,100.0,0.0,1,medial epicondyle displaced,95.26627218934911,0.0,0.0,100.0,100.0,0.0,1,medial epicondyle displaced,95.26627218934911,0.0,0.0,100.0,100.0,0.0
5,lateral epicondyle displaced,95.33221194280908,0.0,0.0,100.0,100.0,0.0,5,lateral epicondyle displaced,93.78238341968913,0.0,0.0,100.0,100.0,0.0,1,lateral epicondyle displaced,89.3491124260355,0.0,0.0,100.0,100.0,0.0,1,lateral epicondyle displaced,89.3491124260355,0.0,0.0,100.0,100.0,0.0
5,olecranon,97.81328847771236,0.0,0.0,100.0,100.0,0.0,5,olecranon,96.89119170984456,0.0,0.0,100.0,100.0,0.0,1,olecranon,96.44970414201184,0.0,0.0,100.0,100.0,0.0,1,olecranon,96.44970414201184,0.0,0.0,100.0,100.0,0.0
5,Elbow dislocation anterior,99.49537426408746,0.0,0.0,100.0,100.0,0.0,5,Elbow dislocation anterior,98.96373056994818,0.0,0.0,100.0,100.0,0.0,1,Elbow dislocation anterior,98.81656804733728,0.0,0.0,100.0,100.0,0.0,1,Elbow dislocation anterior,98.81656804733728,0.0,0.0,100.0,100.0,0.0
5,Elbow dislocation posterior,98.02354920100925,0.0,0.0,100.0,100.0,0.0,5,Elbow dislocation posterior,98.96373056994818,0.0,0.0,100.0,100.0,0.0,1,Elbow dislocation posterior,98.81656804733728,0.0,0.0,100.0,100.0,0.0,1,Elbow dislocation posterior,98.81656804733728,0.0,0.0,100.0,100.0,0.0
5,proximal radial,98.31791421362489,0.0,0.0,100.0,100.0,0.0,5,proximal radial,98.96373056994818,0.0,0.0,100.0,100.0,0.0,1,proximal radial,96.44970414201184,0.0,0.0,100.0,100.0,0.0,1,proximal radial,96.44970414201184,0.0,0.0,100.0,100.0,0.0
5,radial head,99.41126997476871,0.0,0.0,100.0,100.0,0.0,5,radial head,98.96373056994818,0.0,0.0,100.0,100.0,0.0,1,radial head,95.26627218934911,0.0,0.0,100.0,100.0,0.0,1,radial head,95.26627218934911,0.0,0.0,100.0,100.0,0.0
5,radial head subluxation,99.24306139613121,0.0,0.0,100.0,100.0,0.0,5,radial head subluxation,98.96373056994818,0.0,0.0,100.0,100.0,0.0,1,radial head subluxation,98.22485207100591,0.0,0.0,100.0,100.0,0.0,1,radial head subluxation,98.22485207100591,0.0,0.0,100.0,100.0,0.0
5,proximal ulnar metaphysis,98.86459209419681,0.0,0.0,100.0,100.0,0.0,5,proximal ulnar metaphysis,99.48186528497409,0.0,0.0,100.0,100.0,0.0,1,proximal ulnar metaphysis,97.0414201183432,0.0,0.0,100.0,100.0,0.0,1,proximal ulnar metaphysis,97.0414201183432,0.0,0.0,100.0,100.0,0.0
5,normal,66.19007569386038,82.07681365576103,45.976095617529886,88.780053428317,54.02390438247012,58.93769152196119,5,normal,71.50259067357513,56.25,15.789473684210526,94.85294117647058,84.21052631578947,24.657534246575345,1,normal,44.97041420118343,15.454545454545453,100.0,38.81578947368421,0.0,26.771653543307085,1,normal,82.84023668639054,30.0,52.94117647058824,86.18421052631578,47.05882352941176,38.297872340425535
6,Overall (Macro-Average),32.38015138772077,15.898086182595877,5.409936261572734,98.8627330602154,94.59006373842728,7.198663826640697,6,Overall (Macro-Average),25.38860103626943,9.54861111111111,6.04528562786276,97.1490011098779,93.95471437213723,5.205415499533146,1,Overall (Macro-Average),15.384615384615385,8.339517625231911,8.61928520517259,94.63890547782343,91.38071479482741,4.337441565934289,1,Overall (Macro-Average),18.34319526627219,17.30068918573981,8.949051880656155,95.80763326064077,91.05094811934384,9.122003250042765
6,Soft tissue swelling,89.73927670311186,0.0,0.0,100.0,100.0,0.0,6,Soft tissue swelling,83.93782383419689,0.0,0.0,100.0,100.0,0.0,1,Soft tissue swelling,80.4733727810651,0.0,0.0,98.55072463768117,100.0,0.0,1,Soft tissue swelling,82.24852071005917,100.0,3.225806451612903,100.0,96.7741935483871,6.25
6,Joint effusion,79.47855340622371,69.23076923076923,1.8255578093306288,99.78779840848806,98.17444219066938,3.5573122529644268,6,Joint effusion,67.87564766839378,0.0,0.0,100.0,100.0,0.0,1,Joint effusion,62.1301775147929,28.57142857142857,3.278688524590164,95.37037037037037,96.72131147540983,5.88235294117647,1,Joint effusion,63.31360946745562,47.82608695652174,18.0327868852459,88.88888888888889,81.9672131147541,26.19047619047619
6,Distal humerus,97.30866274179984,0.0,0.0,100.0,100.0,0.0,6,Distal humerus,93.78238341968913,0.0,0.0,100.0,100.0,0.0,1,Distal humerus,94.67455621301775,0.0,0.0,100.0,100.0,0.0,1,Distal humerus,94.67455621301775,0.0,0.0,100.0,100.0,0.0
6,supracondylar,74.55845248107653,70.28301886792453,21.562952243125906,96.2655601659751,78.43704775687411,33.00110741971207,6,supracondylar,58.549222797927456,88.88888888888889,9.195402298850574,99.05660377358491,90.80459770114942,16.666666666666664,1,supracondylar,51.4792899408284,72.72727272727273,17.391304347826086,92.20779220779221,82.6086956521739,28.07017543859649,1,supracondylar,57.98816568047337,64.38356164383562,51.08695652173913,66.23376623376623,48.91304347826087,56.96969696969697
6,medial epicondyle displaced,97.01429772918418,0.0,0.0,100.0,100.0,0.0,6,medial epicondyle displaced,92.74611398963731,0.0,0.0,100.0,100.0,0.0,1,medial epicondyle displaced,95.26627218934911,0.0,0.0,100.0,100.0,0.0,1,medial epicondyle displaced,95.26627218934911,0.0,0.0,100.0,100.0,0.0
6,lateral epicondyle displaced,95.33221194280908,0.0,0.0,100.0,100.0,0.0,6,lateral epicondyle displaced,93.78238341968913,0.0,0.0,100.0,100.0,0.0,1,lateral epicondyle displaced,89.3491124260355,0.0,0.0,100.0,100.0,0.0,1,lateral epicondyle displaced,89.3491124260355,0.0,0.0,100.0,100.0,0.0
6,olecranon,97.81328847771236,0.0,0.0,100.0,100.0,0.0,6,olecranon,96.89119170984456,0.0,0.0,100.0,100.0,0.0,1,olecranon,96.44970414201184,0.0,0.0,100.0,100.0,0.0,1,olecranon,96.44970414201184,0.0,0.0,100.0,100.0,0.0
6,Elbow dislocation anterior,99.49537426408746,0.0,0.0,100.0,100.0,0.0,6,Elbow dislocation anterior,98.96373056994818,0.0,0.0,100.0,100.0,0.0,1,Elbow dislocation anterior,98.81656804733728,0.0,0.0,100.0,100.0,0.0,1,Elbow dislocation anterior,98.81656804733728,0.0,0.0,100.0,100.0,0.0
6,Elbow dislocation posterior,98.02354920100925,0.0,0.0,100.0,100.0,0.0,6,Elbow dislocation posterior,98.96373056994818,0.0,0.0,100.0,100.0,0.0,1,Elbow dislocation posterior,98.81656804733728,0.0,0.0,100.0,100.0,0.0,1,Elbow dislocation posterior,98.81656804733728,0.0,0.0,100.0,100.0,0.0
6,proximal radial,98.27586206896551,0.0,0.0,99.95722840034217,100.0,0.0,6,proximal radial,98.96373056994818,0.0,0.0,100.0,100.0,0.0,1,proximal radial,96.44970414201184,0.0,0.0,100.0,100.0,0.0,1,proximal radial,96.44970414201184,0.0,0.0,100.0,100.0,0.0
6,radial head,99.41126997476871,0.0,0.0,100.0,100.0,0.0,6,radial head,98.96373056994818,0.0,0.0,100.0,100.0,0.0,1,radial head,95.26627218934911,0.0,0.0,100.0,100.0,0.0,1,radial head,95.26627218934911,0.0,0.0,100.0,100.0,0.0
6,radial head subluxation,99.24306139613121,0.0,0.0,100.0,100.0,0.0,6,radial head subluxation,98.96373056994818,0.0,0.0,100.0,100.0,0.0,1,radial head subluxation,98.22485207100591,0.0,0.0,100.0,100.0,0.0,1,radial head subluxation,98.22485207100591,0.0,0.0,100.0,100.0,0.0
6,proximal ulnar metaphysis,98.86459209419681,0.0,0.0,100.0,100.0,0.0,6,proximal ulnar metaphysis,99.48186528497409,0.0,0.0,100.0,100.0,0.0,1,proximal ulnar metaphysis,97.0414201183432,0.0,0.0,100.0,100.0,0.0,1,proximal ulnar metaphysis,97.0414201183432,0.0,0.0,100.0,100.0,0.0
6,normal,69.21783010933558,83.05941845764855,52.35059760956175,88.06767586821015,47.64940239043825,64.22287390029325,6,normal,65.28497409326425,44.79166666666667,75.43859649122807,61.029411764705884,24.561403508771928,56.209150326797385,1,normal,44.97041420118343,15.454545454545453,100.0,38.81578947368421,0.0,26.771653543307085,1,normal,82.84023668639054,30.0,52.94117647058824,86.18421052631578,47.05882352941176,38.297872340425535
7,Overall (Macro-Average),37.510513036164845,21.201295709381963,6.799921618194034,98.81085680307675,93.20007838180597,8.927877911474281,7,Overall (Macro-Average),18.134715025906736,10.961810466760962,5.8564096559530086,96.1865950470639,94.14359034404698,6.447665809367936,1,Overall (Macro-Average),15.384615384615385,8.339517625231911,8.61928520517259,94.63890547782343,91.38071479482741,4.337441565934289,1,Overall (Macro-Average),18.34319526627219,17.30068918573981,8.949051880656155,95.80763326064077,91.05094811934384,9.122003250042765
7,Soft tissue swelling,89.86543313709,80.0,1.639344262295082,99.95313964386129,98.36065573770492,3.2128514056224904,7,Soft tissue swelling,83.93782383419689,0.0,0.0,100.0,100.0,0.0,1,Soft tissue swelling,80.4733727810651,0.0,0.0,98.55072463768117,100.0,0.0,1,Soft tissue swelling,82.24852071005917,100.0,3.225806451612903,100.0,96.7741935483871,6.25
7,Joint effusion,79.73086627417997,60.37735849056604,6.490872210953347,98.88594164456234,93.50912778904666,11.721611721611723,7,Joint effusion,67.87564766839378,50.0,12.903225806451612,93.89312977099237,87.09677419354838,20.51282051282051,1,Joint effusion,62.1301775147929,28.57142857142857,3.278688524590164,95.37037037037037,96.72131147540983,5.88235294117647,1,Joint effusion,63.31360946745562,47.82608695652174,18.0327868852459,88.88888888888889,81.9672131147541,26.19047619047619
7,Distal humerus,97.30866274179984,0.0,0.0,100.0,100.0,0.0,7,Distal humerus,93.78238341968913,0.0,0.0,100.0,100.0,0.0,1,Distal humerus,94.67455621301775,0.0,0.0,100.0,100.0,0.0,1,Distal humerus,94.67455621301775,0.0,0.0,100.0,100.0,0.0
7,supracondylar,75.60975609756098,70.32967032967034,27.785817655571638,95.1985773562537,72.21418234442837,39.83402489626557,7,supracondylar,58.549222797927456,53.46534653465347,62.06896551724138,55.660377358490564,37.93103448275862,57.4468085106383,1,supracondylar,51.4792899408284,72.72727272727273,17.391304347826086,92.20779220779221,82.6086956521739,28.07017543859649,1,supracondylar,57.98816568047337,64.38356164383562,51.08695652173913,66.23376623376623,48.91304347826087,56.96969696969697
7,medial epicondyle displaced,97.01429772918418,0.0,0.0,100.0,100.0,0.0,7,medial epicondyle displaced,92.74611398963731,0.0,0.0,100.0,100.0,0.0,1,medial epicondyle displaced,95.26627218934911,0.0,0.0,100.0,100.0,0.0,1,medial epicondyle displaced,95.26627218934911,0.0,0.0,100.0,100.0,0.0
7,lateral epicondyle displaced,95.33221194280908,0.0,0.0,100.0,100.0,0.0,7,lateral epicondyle displaced,93.78238341968913,0.0,0.0,100.0,100.0,0.0,1,lateral epicondyle displaced,89.3491124260355,0.0,0.0,100.0,100.0,0.0,1,lateral epicondyle displaced,89.3491124260355,0.0,0.0,100.0,100.0,0.0
7,olecranon,97.81328847771236,0.0,0.0,100.0,100.0,0.0,7,olecranon,96.89119170984456,0.0,0.0,100.0,100.0,0.0,1,olecranon,96.44970414201184,0.0,0.0,100.0,100.0,0.0,1,olecranon,96.44970414201184,0.0,0.0,100.0,100.0,0.0
7,Elbow dislocation anterior,99.49537426408746,0.0,0.0,100.0,100.0,0.0,7,Elbow dislocation anterior,98.96373056994818,0.0,0.0,100.0,100.0,0.0,1,Elbow dislocation anterior,98.81656804733728,0.0,0.0,100.0,100.0,0.0,1,Elbow dislocation anterior,98.81656804733728,0.0,0.0,100.0,100.0,0.0
7,Elbow dislocation posterior,98.02354920100925,0.0,0.0,100.0,100.0,0.0,7,Elbow dislocation posterior,98.96373056994818,0.0,0.0,100.0,100.0,0.0,1,Elbow dislocation posterior,98.81656804733728,0.0,0.0,100.0,100.0,0.0,1,Elbow dislocation posterior,98.81656804733728,0.0,0.0,100.0,100.0,0.0
7,proximal radial,98.31791421362489,0.0,0.0,100.0,100.0,0.0,7,proximal radial,98.96373056994818,0.0,0.0,100.0,100.0,0.0,1,proximal radial,96.44970414201184,0.0,0.0,100.0,100.0,0.0,1,proximal radial,96.44970414201184,0.0,0.0,100.0,100.0,0.0
7,radial head,99.41126997476871,0.0,0.0,100.0,100.0,0.0,7,radial head,98.96373056994818,0.0,0.0,100.0,100.0,0.0,1,radial head,95.26627218934911,0.0,0.0,100.0,100.0,0.0,1,radial head,95.26627218934911,0.0,0.0,100.0,100.0,0.0
7,radial head subluxation,99.24306139613121,0.0,0.0,100.0,100.0,0.0,7,radial head subluxation,98.96373056994818,0.0,0.0,100.0,100.0,0.0,1,radial head subluxation,98.22485207100591,0.0,0.0,100.0,100.0,0.0,1,radial head subluxation,98.22485207100591,0.0,0.0,100.0,100.0,0.0
7,proximal ulnar metaphysis,98.86459209419681,0.0,0.0,100.0,100.0,0.0,7,proximal ulnar metaphysis,99.48186528497409,0.0,0.0,100.0,100.0,0.0,1,proximal ulnar metaphysis,97.0414201183432,0.0,0.0,100.0,100.0,0.0,1,proximal ulnar metaphysis,97.0414201183432,0.0,0.0,100.0,100.0,0.0
7,normal,73.46509671993272,86.11111111111111,59.28286852589642,89.31433659839715,40.71713147410358,70.22180273714017,7,normal,70.46632124352331,50.0,7.017543859649122,97.05882352941177,92.98245614035088,12.307692307692307,1,normal,44.97041420118343,15.454545454545453,100.0,38.81578947368421,0.0,26.771653543307085,1,normal,82.84023668639054,30.0,52.94117647058824,86.18421052631578,47.05882352941176,38.297872340425535
8,Overall (Macro-Average),37.42640874684609,15.410724204846307,6.893826364646057,98.76438202342891,93.10617363535394,8.988773572281882,8,Overall (Macro-Average),22.279792746113987,8.060213414634147,5.872439719989629,97.3471935944189,94.12756028001036,6.7943544494429755,1,Overall (Macro-Average),15.384615384615385,8.339517625231911,8.61928520517259,94.63890547782343,91.38071479482741,4.337441565934289,1,Overall (Macro-Average),18.34319526627219,17.30068918573981,8.949051880656155,95.80763326064077,91.05094811934384,9.122003250042765
8,Soft tissue swelling,89.73927670311186,0.0,0.0,100.0,100.0,0.0,8,Soft tissue swelling,83.93782383419689,0.0,0.0,100.0,100.0,0.0,1,Soft tissue swelling,80.4733727810651,0.0,0.0,98.55072463768117,100.0,0.0,1,Soft tissue swelling,82.24852071005917,100.0,3.225806451612903,100.0,96.7741935483871,6.25
8,Joint effusion,79.81497056349875,59.42028985507246,8.316430020283976,98.51458885941643,91.68356997971603,14.590747330960854,8,Joint effusion,67.87564766839378,0.0,0.0,100.0,100.0,0.0,1,Joint effusion,62.1301775147929,28.57142857142857,3.278688524590164,95.37037037037037,96.72131147540983,5.88235294117647,1,Joint effusion,63.31360946745562,47.82608695652174,18.0327868852459,88.88888888888889,81.9672131147541,26.19047619047619
8,Distal humerus,97.30866274179984,0.0,0.0,100.0,100.0,0.0,8,Distal humerus,93.78238341968913,0.0,0.0,100.0,100.0,0.0,1,Distal humerus,94.67455621301775,0.0,0.0,100.0,100.0,0.0,1,Distal humerus,94.67455621301775,0.0,0.0,100.0,100.0,0.0
8,supracondylar,75.86206896551724,70.38327526132404,29.232995658465992,94.9614700652045,70.76700434153402,41.308793456032724,8,supracondylar,64.24870466321244,64.0625,47.12643678160919,78.30188679245283,52.87356321839081,54.30463576158941,1,supracondylar,51.4792899408284,72.72727272727273,17.391304347826086,92.20779220779221,82.6086956521739,28.07017543859649,1,supracondylar,57.98816568047337,64.38356164383562,51.08695652173913,66.23376623376623,48.91304347826087,56.96969696969697
8,medial epicondyle displaced,97.01429772918418,0.0,0.0,100.0,100.0,0.0,8,medial epicondyle displaced,92.74611398963731,0.0,0.0,100.0,100.0,0.0,1,medial epicondyle displaced,95.26627218934911,0.0,0.0,100.0,100.0,0.0,1,medial epicondyle displaced,95.26627218934911,0.0,0.0,100.0,100.0,0.0
8,lateral epicondyle displaced,95.33221194280908,0.0,0.0,100.0,100.0,0.0,8,lateral epicondyle displaced,93.78238341968913,0.0,0.0,100.0,100.0,0.0,1,lateral epicondyle displaced,89.3491124260355,0.0,0.0,100.0,100.0,0.0,1,lateral epicondyle displaced,89.3491124260355,0.0,0.0,100.0,100.0,0.0
8,olecranon,97.81328847771236,0.0,0.0,100.0,100.0,0.0,8,olecranon,96.89119170984456,0.0,0.0,100.0,100.0,0.0,1,olecranon,96.44970414201184,0.0,0.0,100.0,100.0,0.0,1,olecranon,96.44970414201184,0.0,0.0,100.0,100.0,0.0
8,Elbow dislocation anterior,99.49537426408746,0.0,0.0,100.0,100.0,0.0,8,Elbow dislocation anterior,98.96373056994818,0.0,0.0,100.0,100.0,0.0,1,Elbow dislocation anterior,98.81656804733728,0.0,0.0,100.0,100.0,0.0,1,Elbow dislocation anterior,98.81656804733728,0.0,0.0,100.0,100.0,0.0
8,Elbow dislocation posterior,98.02354920100925,0.0,0.0,100.0,100.0,0.0,8,Elbow dislocation posterior,98.96373056994818,0.0,0.0,100.0,100.0,0.0,1,Elbow dislocation posterior,98.81656804733728,0.0,0.0,100.0,100.0,0.0,1,Elbow dislocation posterior,98.81656804733728,0.0,0.0,100.0,100.0,0.0
8,proximal radial,98.31791421362489,0.0,0.0,100.0,100.0,0.0,8,proximal radial,98.96373056994818,0.0,0.0,100.0,100.0,0.0,1,proximal radial,96.44970414201184,0.0,0.0,100.0,100.0,0.0,1,proximal radial,96.44970414201184,0.0,0.0,100.0,100.0,0.0
8,radial head,99.41126997476871,0.0,0.0,100.0,100.0,0.0,8,radial head,98.96373056994818,0.0,0.0,100.0,100.0,0.0,1,radial head,95.26627218934911,0.0,0.0,100.0,100.0,0.0,1,radial head,95.26627218934911,0.0,0.0,100.0,100.0,0.0
8,radial head subluxation,99.24306139613121,0.0,0.0,100.0,100.0,0.0,8,radial head subluxation,98.96373056994818,0.0,0.0,100.0,100.0,0.0,1,radial head subluxation,98.22485207100591,0.0,0.0,100.0,100.0,0.0,1,radial head subluxation,98.22485207100591,0.0,0.0,100.0,100.0,0.0
8,proximal ulnar metaphysis,98.86459209419681,0.0,0.0,100.0,100.0,0.0,8,proximal ulnar metaphysis,99.48186528497409,0.0,0.0,100.0,100.0,0.0,1,proximal ulnar metaphysis,97.0414201183432,0.0,0.0,100.0,100.0,0.0,1,proximal ulnar metaphysis,97.0414201183432,0.0,0.0,100.0,100.0,0.0
8,normal,73.25483599663582,85.94657375145181,58.964143426294825,89.22528940338378,41.03585657370518,69.94328922495276,8,normal,69.94818652849742,48.78048780487805,35.08771929824561,84.55882352941177,64.91228070175438,40.816326530612244,1,normal,44.97041420118343,15.454545454545453,100.0,38.81578947368421,0.0,26.771653543307085,1,normal,82.84023668639054,30.0,52.94117647058824,86.18421052631578,47.05882352941176,38.297872340425535
9,Overall (Macro-Average),39.19259882253995,15.78280868301164,7.860028246402657,98.75736213118493,92.13997175359734,10.190618186167844,9,Overall (Macro-Average),15.544041450777202,11.55061465406293,4.933217359304825,98.03024266523643,95.06678264069517,6.842747328761689,1,Overall (Macro-Average),15.384615384615385,8.339517625231911,8.61928520517259,94.63890547782343,91.38071479482741,4.337441565934289,1,Overall (Macro-Average),18.34319526627219,17.30068918573981,8.949051880656155,95.80763326064077,91.05094811934384,9.122003250042765
9,Soft tissue swelling,89.73927670311186,0.0,0.0,100.0,100.0,0.0,9,Soft tissue swelling,83.93782383419689,0.0,0.0,100.0,100.0,0.0,1,Soft tissue swelling,80.4733727810651,0.0,0.0,98.55072463768117,100.0,0.0,1,Soft tissue swelling,82.24852071005917,100.0,3.225806451612903,100.0,96.7741935483871,6.25
9,Joint effusion,80.40370058873002,60.629921259842526,15.618661257606492,97.34748010610079,84.38133874239351,24.838709677419356,9,Joint effusion,64.24870466321244,26.666666666666668,6.451612903225806,91.6030534351145,93.54838709677419,10.38961038961039,1,Joint effusion,62.1301775147929,28.57142857142857,3.278688524590164,95.37037037037037,96.72131147540983,5.88235294117647,1,Joint effusion,63.31360946745562,47.82608695652174,18.0327868852459,88.88888888888889,81.9672131147541,26.19047619047619
9,Distal humerus,97.30866274179984,0.0,0.0,100.0,100.0,0.0,9,Distal humerus,93.78238341968913,0.0,0.0,100.0,100.0,0.0,1,Distal humerus,94.67455621301775,0.0,0.0,100.0,100.0,0.0,1,Distal humerus,94.67455621301775,0.0,0.0,100.0,100.0,0.0
9,supracondylar,77.08158116063919,72.67080745341616,33.86396526772793,94.7836395969176,66.13603473227207,46.19940769990128,9,supracondylar,63.730569948186535,72.97297297297297,31.03448275862069,90.56603773584906,68.96551724137932,43.54838709677419,1,supracondylar,51.4792899408284,72.72727272727273,17.391304347826086,92.20779220779221,82.6086956521739,28.07017543859649,1,supracondylar,57.98816568047337,64.38356164383562,51.08695652173913,66.23376623376623,48.91304347826087,56.96969696969697
9,medial epicondyle displaced,97.01429772918418,0.0,0.0,100.0,100.0,0.0,9,medial epicondyle displaced,92.74611398963731,0.0,0.0,100.0,100.0,0.0,1,medial epicondyle displaced,95.26627218934911,0.0,0.0,100.0,100.0,0.0,1,medial epicondyle displaced,95.26627218934911,0.0,0.0,100.0,100.0,0.0
9,lateral epicondyle displaced,95.33221194280908,0.0,0.0,100.0,100.0,0.0,9,lateral epicondyle displaced,92.2279792746114,0.0,0.0,98.34254143646409,100.0,0.0,1,lateral epicondyle displaced,89.3491124260355,0.0,0.0,100.0,100.0,0.0,1,lateral epicondyle displaced,89.3491124260355,0.0,0.0,100.0,100.0,0.0
9,olecranon,97.81328847771236,0.0,0.0,100.0,100.0,0.0,9,olecranon,96.89119170984456,0.0,0.0,100.0,100.0,0.0,1,olecranon,96.44970414201184,0.0,0.0,100.0,100.0,0.0,1,olecranon,96.44970414201184,0.0,0.0,100.0,100.0,0.0
9,Elbow dislocation anterior,99.49537426408746,0.0,0.0,100.0,100.0,0.0,9,Elbow dislocation anterior,98.96373056994818,0.0,0.0,100.0,100.0,0.0,1,Elbow dislocation anterior,98.81656804733728,0.0,0.0,100.0,100.0,0.0,1,Elbow dislocation anterior,98.81656804733728,0.0,0.0,100.0,100.0,0.0
9,Elbow dislocation posterior,98.02354920100925,0.0,0.0,100.0,100.0,0.0,9,Elbow dislocation posterior,98.96373056994818,0.0,0.0,100.0,100.0,0.0,1,Elbow dislocation posterior,98.81656804733728,0.0,0.0,100.0,100.0,0.0,1,Elbow dislocation posterior,98.81656804733728,0.0,0.0,100.0,100.0,0.0
9,proximal radial,98.31791421362489,0.0,0.0,100.0,100.0,0.0,9,proximal radial,98.96373056994818,0.0,0.0,100.0,100.0,0.0,1,proximal radial,96.44970414201184,0.0,0.0,100.0,100.0,0.0,1,proximal radial,96.44970414201184,0.0,0.0,100.0,100.0,0.0
9,radial head,99.41126997476871,0.0,0.0,100.0,100.0,0.0,9,radial head,98.96373056994818,0.0,0.0,100.0,100.0,0.0,1,radial head,95.26627218934911,0.0,0.0,100.0,100.0,0.0,1,radial head,95.26627218934911,0.0,0.0,100.0,100.0,0.0
9,radial head subluxation,99.24306139613121,0.0,0.0,100.0,100.0,0.0,9,radial head subluxation,98.96373056994818,0.0,0.0,100.0,100.0,0.0,1,radial head subluxation,98.22485207100591,0.0,0.0,100.0,100.0,0.0,1,radial head subluxation,98.22485207100591,0.0,0.0,100.0,100.0,0.0
9,proximal ulnar metaphysis,98.86459209419681,0.0,0.0,100.0,100.0,0.0,9,proximal ulnar metaphysis,99.48186528497409,0.0,0.0,100.0,100.0,0.0,1,proximal ulnar metaphysis,97.0414201183432,0.0,0.0,100.0,100.0,0.0,1,proximal ulnar metaphysis,97.0414201183432,0.0,0.0,100.0,100.0,0.0
9,normal,74.68460891505467,87.65859284890428,60.55776892430279,90.47195013357079,39.44223107569721,71.63053722902922,9,normal,74.09326424870466,62.06896551724138,31.57894736842105,91.91176470588235,68.42105263157895,41.860465116279066,1,normal,44.97041420118343,15.454545454545453,100.0,38.81578947368421,0.0,26.771653543307085,1,normal,82.84023668639054,30.0,52.94117647058824,86.18421052631578,47.05882352941176,38.297872340425535
10,Overall (Macro-Average),41.37931034482759,15.99710288914759,8.264387006521119,98.64440805251304,91.73561299347888,10.406773052147956,10,Overall (Macro-Average),24.352331606217618,14.783163265306124,5.967435273389257,97.55230012212289,94.03256472661074,6.204848847762774,1,Overall (Macro-Average),15.384615384615385,8.339517625231911,8.61928520517259,94.63890547782343,91.38071479482741,4.337441565934289,1,Overall (Macro-Average),18.34319526627219,17.30068918573981,8.949051880656155,95.80763326064077,91.05094811934384,9.122003250042765
10,Soft tissue swelling,89.57106812447435,0.0,0.0,99.81255857544518,100.0,0.0,10,Soft tissue swelling,83.93782383419689,0.0,0.0,100.0,100.0,0.0,1,Soft tissue swelling,80.4733727810651,0.0,0.0,98.55072463768117,100.0,0.0,1,Soft tissue swelling,82.24852071005917,100.0,3.225806451612903,100.0,96.7741935483871,6.25
10,Joint effusion,80.74011774600504,67.32673267326733,13.793103448275861,98.24933687002653,86.20689655172413,22.895622895622893,10,Joint effusion,68.9119170984456,75.0,4.838709677419355,99.23664122137404,95.16129032258065,9.090909090909092,1,Joint effusion,62.1301775147929,28.57142857142857,3.278688524590164,95.37037037037037,96.72131147540983,5.88235294117647,1,Joint effusion,63.31360946745562,47.82608695652174,18.0327868852459,88.88888888888889,81.9672131147541,26.19047619047619
10,Distal humerus,97.30866274179984,0.0,0.0,100.0,100.0,0.0,10,Distal humerus,93.78238341968913,0.0,0.0,100.0,100.0,0.0,1,Distal humerus,94.67455621301775,0.0,0.0,100.0,100.0,0.0,1,Distal humerus,94.67455621301775,0.0,0.0,100.0,100.0,0.0
10,supracondylar,76.78721614802355,68.63270777479893,37.04775687409551,93.0646117368109,62.95224312590448,48.1203007518797,10,supracondylar,60.10362694300518,85.71428571428571,13.793103448275861,98.11320754716981,86.20689655172413,23.76237623762376,1,supracondylar,51.4792899408284,72.72727272727273,17.391304347826086,92.20779220779221,82.6086956521739,28.07017543859649,1,supracondylar,57.98816568047337,64.38356164383562,51.08695652173913,66.23376623376623,48.91304347826087,56.96969696969697
10,medial epicondyle displaced,97.01429772918418,0.0,0.0,100.0,100.0,0.0,10,medial epicondyle displaced,92.74611398963731,0.0,0.0,100.0,100.0,0.0,1,medial epicondyle displaced,95.26627218934911,0.0,0.0,100.0,100.0,0.0,1,medial epicondyle displaced,95.26627218934911,0.0,0.0,100.0,100.0,0.0
10,lateral epicondyle displaced,95.1219512195122,0.0,0.0,99.77944419938244,100.0,0.0,10,lateral epicondyle displaced,93.78238341968913,0.0,0.0,100.0,100.0,0.0,1,lateral epicondyle displaced,89.3491124260355,0.0,0.0,100.0,100.0,0.0,1,lateral epicondyle displaced,89.3491124260355,0.0,0.0,100.0,100.0,0.0
10,olecranon,97.81328847771236,0.0,0.0,100.0,100.0,0.0,10,olecranon,96.89119170984456,0.0,0.0,100.0,100.0,0.0,1,olecranon,96.44970414201184,0.0,0.0,100.0,100.0,0.0,1,olecranon,96.44970414201184,0.0,0.0,100.0,100.0,0.0
10,Elbow dislocation anterior,99.49537426408746,0.0,0.0,100.0,100.0,0.0,10,Elbow dislocation anterior,98.96373056994818,0.0,0.0,100.0,100.0,0.0,1,Elbow dislocation anterior,98.81656804733728,0.0,0.0,100.0,100.0,0.0,1,Elbow dislocation anterior,98.81656804733728,0.0,0.0,100.0,100.0,0.0
10,Elbow dislocation posterior,98.02354920100925,0.0,0.0,100.0,100.0,0.0,10,Elbow dislocation posterior,98.96373056994818,0.0,0.0,100.0,100.0,0.0,1,Elbow dislocation posterior,98.81656804733728,0.0,0.0,100.0,100.0,0.0,1,Elbow dislocation posterior,98.81656804733728,0.0,0.0,100.0,100.0,0.0
10,proximal radial,98.31791421362489,0.0,0.0,100.0,100.0,0.0,10,proximal radial,98.96373056994818,0.0,0.0,100.0,100.0,0.0,1,proximal radial,96.44970414201184,0.0,0.0,100.0,100.0,0.0,1,proximal radial,96.44970414201184,0.0,0.0,100.0,100.0,0.0
10,radial head,99.41126997476871,0.0,0.0,100.0,100.0,0.0,10,radial head,98.96373056994818,0.0,0.0,100.0,100.0,0.0,1,radial head,95.26627218934911,0.0,0.0,100.0,100.0,0.0,1,radial head,95.26627218934911,0.0,0.0,100.0,100.0,0.0
10,radial head subluxation,99.24306139613121,0.0,0.0,100.0,100.0,0.0,10,radial head subluxation,98.96373056994818,0.0,0.0,100.0,100.0,0.0,1,radial head subluxation,98.22485207100591,0.0,0.0,100.0,100.0,0.0,1,radial head subluxation,98.22485207100591,0.0,0.0,100.0,100.0,0.0
10,proximal ulnar metaphysis,98.86459209419681,0.0,0.0,100.0,100.0,0.0,10,proximal ulnar metaphysis,99.48186528497409,0.0,0.0,100.0,100.0,0.0,1,proximal ulnar metaphysis,97.0414201183432,0.0,0.0,100.0,100.0,0.0,1,proximal ulnar metaphysis,97.0414201183432,0.0,0.0,100.0,100.0,0.0
10,normal,76.78721614802355,88.0,64.8605577689243,90.11576135351737,35.1394422310757,74.6788990825688,10,normal,67.35751295336787,46.25,64.91228070175438,68.38235294117648,35.08771929824561,54.01459854014598,1,normal,44.97041420118343,15.454545454545453,100.0,38.81578947368421,0.0,26.771653543307085,1,normal,82.84023668639054,30.0,52.94117647058824,86.18421052631578,47.05882352941176,38.297872340425535
11,Overall (Macro-Average),43.06139613120269,16.257077780797584,9.262962800897084,98.61799281953608,90.73703719910291,11.549415729726833,11,Overall (Macro-Average),30.569948186528496,13.970128232423317,8.156654149277532,97.02605368807467,91.84334585072246,9.526797205368634,1,Overall (Macro-Average),15.384615384615385,8.339517625231911,8.61928520517259,94.63890547782343,91.38071479482741,4.337441565934289,1,Overall (Macro-Average),18.34319526627219,17.30068918573981,8.949051880656155,95.80763326064077,91.05094811934384,9.122003250042765
11,Soft tissue swelling,89.48696383515559,0.0,0.0,99.71883786316776,100.0,0.0,11,Soft tissue swelling,83.93782383419689,0.0,0.0,100.0,100.0,0.0,1,Soft tissue swelling,80.4733727810651,0.0,0.0,98.55072463768117,100.0,0.0,1,Soft tissue swelling,82.24852071005917,100.0,3.225806451612903,100.0,96.7741935483871,6.25
11,Joint effusion,81.74936921783012,66.85714285714286,23.732251521298174,96.92307692307692,76.26774847870182,35.02994011976048,11,Joint effusion,71.50259067357513,76.92307692307693,16.129032258064516,97.70992366412213,83.87096774193549,26.666666666666668,1,Joint effusion,62.1301775147929,28.57142857142857,3.278688524590164,95.37037037037037,96.72131147540983,5.88235294117647,1,Joint effusion,63.31360946745562,47.82608695652174,18.0327868852459,88.88888888888889,81.9672131147541,26.19047619047619
11,Distal humerus,97.30866274179984,0.0,0.0,100.0,100.0,0.0,11,Distal humerus,93.78238341968913,0.0,0.0,100.0,100.0,0.0,1,Distal humerus,94.67455621301775,0.0,0.0,100.0,100.0,0.0,1,Distal humerus,94.67455621301775,0.0,0.0,100.0,100.0,0.0
11,supracondylar,77.79646761984861,72.45179063360881,38.06078147612156,94.07231772377,61.93921852387844,49.90512333965844,11,supracondylar,62.69430051813472,62.295081967213115,43.67816091954023,78.30188679245283,56.32183908045977,51.35135135135135,1,supracondylar,51.4792899408284,72.72727272727273,17.391304347826086,92.20779220779221,82.6086956521739,28.07017543859649,1,supracondylar,57.98816568047337,64.38356164383562,51.08695652173913,66.23376623376623,48.91304347826087,56.96969696969697
11,medial epicondyle displaced,97.01429772918418,0.0,0.0,100.0,100.0,0.0,11,medial epicondyle displaced,92.74611398963731,0.0,0.0,100.0,100.0,0.0,1,medial epicondyle displaced,95.26627218934911,0.0,0.0,100.0,100.0,0.0,1,medial epicondyle displaced,95.26627218934911,0.0,0.0,100.0,100.0,0.0
11,lateral epicondyle displaced,95.33221194280908,0.0,0.0,100.0,100.0,0.0,11,lateral epicondyle displaced,93.78238341968913,0.0,0.0,100.0,100.0,0.0,1,lateral epicondyle displaced,89.3491124260355,0.0,0.0,100.0,100.0,0.0,1,lateral epicondyle displaced,89.3491124260355,0.0,0.0,100.0,100.0,0.0
11,olecranon,97.81328847771236,0.0,0.0,100.0,100.0,0.0,11,olecranon,96.89119170984456,0.0,0.0,100.0,100.0,0.0,1,olecranon,96.44970414201184,0.0,0.0,100.0,100.0,0.0,1,olecranon,96.44970414201184,0.0,0.0,100.0,100.0,0.0
11,Elbow dislocation anterior,99.49537426408746,0.0,0.0,100.0,100.0,0.0,11,Elbow dislocation anterior,98.96373056994818,0.0,0.0,100.0,100.0,0.0,1,Elbow dislocation anterior,98.81656804733728,0.0,0.0,100.0,100.0,0.0,1,Elbow dislocation anterior,98.81656804733728,0.0,0.0,100.0,100.0,0.0
11,Elbow dislocation posterior,98.02354920100925,0.0,0.0,100.0,100.0,0.0,11,Elbow dislocation posterior,98.96373056994818,0.0,0.0,100.0,100.0,0.0,1,Elbow dislocation posterior,98.81656804733728,0.0,0.0,100.0,100.0,0.0,1,Elbow dislocation posterior,98.81656804733728,0.0,0.0,100.0,100.0,0.0
11,proximal radial,98.31791421362489,0.0,0.0,100.0,100.0,0.0,11,proximal radial,98.96373056994818,0.0,0.0,100.0,100.0,0.0,1,proximal radial,96.44970414201184,0.0,0.0,100.0,100.0,0.0,1,proximal radial,96.44970414201184,0.0,0.0,100.0,100.0,0.0
11,radial head,99.41126997476871,0.0,0.0,100.0,100.0,0.0,11,radial head,98.96373056994818,0.0,0.0,100.0,100.0,0.0,1,radial head,95.26627218934911,0.0,0.0,100.0,100.0,0.0,1,radial head,95.26627218934911,0.0,0.0,100.0,100.0,0.0
11,radial head subluxation,99.24306139613121,0.0,0.0,100.0,100.0,0.0,11,radial head subluxation,98.96373056994818,0.0,0.0,100.0,100.0,0.0,1,radial head subluxation,98.22485207100591,0.0,0.0,100.0,100.0,0.0,1,radial head subluxation,98.22485207100591,0.0,0.0,100.0,100.0,0.0
11,proximal ulnar metaphysis,98.86459209419681,0.0,0.0,100.0,100.0,0.0,11,proximal ulnar metaphysis,99.48186528497409,0.0,0.0,100.0,100.0,0.0,1,proximal ulnar metaphysis,97.0414201183432,0.0,0.0,100.0,100.0,0.0,1,proximal ulnar metaphysis,97.0414201183432,0.0,0.0,100.0,100.0,0.0
11,normal,78.30109335576114,88.29015544041451,67.88844621513944,89.93766696349064,32.11155378486056,76.75675675675674,11,normal,74.09326424870466,56.36363636363636,54.385964912280706,82.35294117647058,45.614035087719294,55.357142857142854,1,normal,44.97041420118343,15.454545454545453,100.0,38.81578947368421,0.0,26.771653543307085,1,normal,82.84023668639054,30.0,52.94117647058824,86.18421052631578,47.05882352941176,38.297872340425535
12,Overall (Macro-Average),47.1825063078217,21.11929680667984,10.879733118436402,98.46849145994422,89.1202668815636,13.160792098214175,12,Overall (Macro-Average),25.906735751295333,12.55939182768451,7.249282828874187,96.74757055349866,92.75071717112583,8.445913514066747,1,Overall (Macro-Average),15.384615384615385,8.339517625231911,8.61928520517259,94.63890547782343,91.38071479482741,4.337441565934289,1,Overall (Macro-Average),18.34319526627219,17.30068918573981,8.949051880656155,95.80763326064077,91.05094811934384,9.122003250042765
12,Soft tissue swelling,89.94953742640874,69.23076923076923,3.6885245901639343,99.81255857544518,96.31147540983606,7.003891050583657,12,Soft tissue swelling,83.93782383419689,0.0,0.0,100.0,100.0,0.0,1,Soft tissue swelling,80.4733727810651,0.0,0.0,98.55072463768117,100.0,0.0,1,Soft tissue swelling,82.24852071005917,100.0,3.225806451612903,100.0,96.7741935483871,6.25
12,Joint effusion,81.959629941127,64.54545454545455,28.803245436105477,95.86206896551724,71.19675456389453,39.83169705469845,12,Joint effusion,69.43005181347151,63.63636363636363,11.29032258064516,96.94656488549617,88.70967741935483,19.17808219178082,1,Joint effusion,62.1301775147929,28.57142857142857,3.278688524590164,95.37037037037037,96.72131147540983,5.88235294117647,1,Joint effusion,63.31360946745562,47.82608695652174,18.0327868852459,88.88888888888889,81.9672131147541,26.19047619047619
12,Distal humerus,97.30866274179984,0.0,0.0,100.0,100.0,0.0,12,Distal humerus,93.78238341968913,0.0,0.0,100.0,100.0,0.0,1,Distal humerus,94.67455621301775,0.0,0.0,100.0,100.0,0.0,1,Distal humerus,94.67455621301775,0.0,0.0,100.0,100.0,0.0
12,supracondylar,79.68881412952061,72.70742358078603,48.191027496382056,92.5903971547125,51.808972503617944,57.963446475195816,12,supracondylar,65.28497409326425,62.19512195121951,58.620689655172406,70.75471698113208,41.37931034482759,60.35502958579882,1,supracondylar,51.4792899408284,72.72727272727273,17.391304347826086,92.20779220779221,82.6086956521739,28.07017543859649,1,supracondylar,57.98816568047337,64.38356164383562,51.08695652173913,66.23376623376623,48.91304347826087,56.96969696969697
12,medial epicondyle displaced,97.01429772918418,0.0,0.0,100.0,100.0,0.0,12,medial epicondyle displaced,92.74611398963731,0.0,0.0,100.0,100.0,0.0,1,medial epicondyle displaced,95.26627218934911,0.0,0.0,100.0,100.0,0.0,1,medial epicondyle displaced,95.26627218934911,0.0,0.0,100.0,100.0,0.0
12,lateral epicondyle displaced,95.33221194280908,0.0,0.0,100.0,100.0,0.0,12,lateral epicondyle displaced,93.78238341968913,0.0,0.0,100.0,100.0,0.0,1,lateral epicondyle displaced,89.3491124260355,0.0,0.0,100.0,100.0,0.0,1,lateral epicondyle displaced,89.3491124260355,0.0,0.0,100.0,100.0,0.0
12,olecranon,97.81328847771236,0.0,0.0,100.0,100.0,0.0,12,olecranon,96.89119170984456,0.0,0.0,100.0,100.0,0.0,1,olecranon,96.44970414201184,0.0,0.0,100.0,100.0,0.0,1,olecranon,96.44970414201184,0.0,0.0,100.0,100.0,0.0
12,Elbow dislocation anterior,99.49537426408746,0.0,0.0,100.0,100.0,0.0,12,Elbow dislocation anterior,98.96373056994818,0.0,0.0,100.0,100.0,0.0,1,Elbow dislocation anterior,98.81656804733728,0.0,0.0,100.0,100.0,0.0,1,Elbow dislocation anterior,98.81656804733728,0.0,0.0,100.0,100.0,0.0
12,Elbow dislocation posterior,98.02354920100925,0.0,0.0,100.0,100.0,0.0,12,Elbow dislocation posterior,98.96373056994818,0.0,0.0,100.0,100.0,0.0,1,Elbow dislocation posterior,98.81656804733728,0.0,0.0,100.0,100.0,0.0,1,Elbow dislocation posterior,98.81656804733728,0.0,0.0,100.0,100.0,0.0
12,proximal radial,98.31791421362489,0.0,0.0,100.0,100.0,0.0,12,proximal radial,98.96373056994818,0.0,0.0,100.0,100.0,0.0,1,proximal radial,96.44970414201184,0.0,0.0,100.0,100.0,0.0,1,proximal radial,96.44970414201184,0.0,0.0,100.0,100.0,0.0
12,radial head,99.41126997476871,0.0,0.0,100.0,100.0,0.0,12,radial head,98.96373056994818,0.0,0.0,100.0,100.0,0.0,1,radial head,95.26627218934911,0.0,0.0,100.0,100.0,0.0,1,radial head,95.26627218934911,0.0,0.0,100.0,100.0,0.0
12,radial head subluxation,99.24306139613121,0.0,0.0,100.0,100.0,0.0,12,radial head subluxation,98.96373056994818,0.0,0.0,100.0,100.0,0.0,1,radial head subluxation,98.22485207100591,0.0,0.0,100.0,100.0,0.0,1,radial head subluxation,98.22485207100591,0.0,0.0,100.0,100.0,0.0
12,proximal ulnar metaphysis,98.86459209419681,0.0,0.0,100.0,100.0,0.0,12,proximal ulnar metaphysis,99.48186528497409,0.0,0.0,100.0,100.0,0.0,1,proximal ulnar metaphysis,97.0414201183432,0.0,0.0,100.0,100.0,0.0,1,proximal ulnar metaphysis,97.0414201183432,0.0,0.0,100.0,100.0,0.0
12,normal,80.4457527333894,89.18650793650794,71.63346613545816,90.29385574354409,28.366533864541832,79.45205479452055,12,normal,70.46632124352331,50.0,31.57894736842105,86.76470588235294,68.42105263157895,38.70967741935483,1,normal,44.97041420118343,15.454545454545453,100.0,38.81578947368421,0.0,26.771653543307085,1,normal,82.84023668639054,30.0,52.94117647058824,86.18421052631578,47.05882352941176,38.297872340425535
13,Overall (Macro-Average),46.63582842724979,20.963231898848246,11.426404680096905,98.43941698217952,88.5735953199031,13.497850118581166,13,Overall (Macro-Average),31.606217616580313,13.542607882847799,7.9580207470846185,95.28696002381942,92.0419792529154,6.636397546210186,1,Overall (Macro-Average),15.384615384615385,8.339517625231911,8.61928520517259,94.63890547782343,91.38071479482741,4.337441565934289,1,Overall (Macro-Average),18.34319526627219,17.30068918573981,8.949051880656155,95.80763326064077,91.05094811934384,9.122003250042765
13,Soft tissue swelling,89.82338099243061,66.66666666666666,1.639344262295082,99.90627928772258,98.36065573770492,3.2,13,Soft tissue swelling,83.93782383419689,0.0,0.0,100.0,100.0,0.0,1,Soft tissue swelling,80.4733727810651,0.0,0.0,98.55072463768117,100.0,0.0,1,Soft tissue swelling,82.24852071005917,100.0,3.225806451612903,100.0,96.7741935483871,6.25
13,Joint effusion,82.42220353238015,63.44086021505376,35.902636916835704,94.58885941644563,64.09736308316431,45.854922279792746,13,Joint effusion,69.43005181347151,80.0,6.451612903225806,99.23664122137404,93.54838709677419,11.940298507462686,1,Joint effusion,62.1301775147929,28.57142857142857,3.278688524590164,95.37037037037037,96.72131147540983,5.88235294117647,1,Joint effusion,63.31360946745562,47.82608695652174,18.0327868852459,88.88888888888889,81.9672131147541,26.19047619047619
13,Distal humerus,97.30866274179984,0.0,0.0,100.0,100.0,0.0,13,Distal humerus,93.78238341968913,0.0,0.0,100.0,100.0,0.0,1,Distal humerus,94.67455621301775,0.0,0.0,100.0,100.0,0.0,1,Distal humerus,94.67455621301775,0.0,0.0,100.0,100.0,0.0
13,supracondylar,80.57190916736754,73.13131313131314,52.38784370477568,92.11618257261411,47.61215629522431,61.045531197301855,13,supracondylar,59.58549222797927,71.42857142857143,17.24137931034483,94.33962264150944,82.75862068965517,27.777777777777782,1,supracondylar,51.4792899408284,72.72727272727273,17.391304347826086,92.20779220779221,82.6086956521739,28.07017543859649,1,supracondylar,57.98816568047337,64.38356164383562,51.08695652173913,66.23376623376623,48.91304347826087,56.96969696969697
13,medial epicondyle displaced,97.01429772918418,0.0,0.0,100.0,100.0,0.0,13,medial epicondyle displaced,92.74611398963731,0.0,0.0,100.0,100.0,0.0,1,medial epicondyle displaced,95.26627218934911,0.0,0.0,100.0,100.0,0.0,1,medial epicondyle displaced,95.26627218934911,0.0,0.0,100.0,100.0,0.0
13,lateral epicondyle displaced,95.33221194280908,0.0,0.0,100.0,100.0,0.0,13,lateral epicondyle displaced,93.78238341968913,0.0,0.0,100.0,100.0,0.0,1,lateral epicondyle displaced,89.3491124260355,0.0,0.0,100.0,100.0,0.0,1,lateral epicondyle displaced,89.3491124260355,0.0,0.0,100.0,100.0,0.0
13,olecranon,97.81328847771236,0.0,0.0,100.0,100.0,0.0,13,olecranon,96.89119170984456,0.0,0.0,100.0,100.0,0.0,1,olecranon,96.44970414201184,0.0,0.0,100.0,100.0,0.0,1,olecranon,96.44970414201184,0.0,0.0,100.0,100.0,0.0
13,Elbow dislocation anterior,99.49537426408746,0.0,0.0,100.0,100.0,0.0,13,Elbow dislocation anterior,98.96373056994818,0.0,0.0,100.0,100.0,0.0,1,Elbow dislocation anterior,98.81656804733728,0.0,0.0,100.0,100.0,0.0,1,Elbow dislocation anterior,98.81656804733728,0.0,0.0,100.0,100.0,0.0
13,Elbow dislocation posterior,98.02354920100925,0.0,0.0,100.0,100.0,0.0,13,Elbow dislocation posterior,98.96373056994818,0.0,0.0,100.0,100.0,0.0,1,Elbow dislocation posterior,98.81656804733728,0.0,0.0,100.0,100.0,0.0,1,Elbow dislocation posterior,98.81656804733728,0.0,0.0,100.0,100.0,0.0
13,proximal radial,98.31791421362489,0.0,0.0,100.0,100.0,0.0,13,proximal radial,98.96373056994818,0.0,0.0,100.0,100.0,0.0,1,proximal radial,96.44970414201184,0.0,0.0,100.0,100.0,0.0,1,proximal radial,96.44970414201184,0.0,0.0,100.0,100.0,0.0
13,radial head,99.41126997476871,0.0,0.0,100.0,100.0,0.0,13,radial head,98.96373056994818,0.0,0.0,100.0,100.0,0.0,1,radial head,95.26627218934911,0.0,0.0,100.0,100.0,0.0,1,radial head,95.26627218934911,0.0,0.0,100.0,100.0,0.0
13,radial head subluxation,99.24306139613121,0.0,0.0,100.0,100.0,0.0,13,radial head subluxation,98.96373056994818,0.0,0.0,100.0,100.0,0.0,1,radial head subluxation,98.22485207100591,0.0,0.0,100.0,100.0,0.0,1,radial head subluxation,98.22485207100591,0.0,0.0,100.0,100.0,0.0
13,proximal ulnar metaphysis,98.86459209419681,0.0,0.0,100.0,100.0,0.0,13,proximal ulnar metaphysis,99.48186528497409,0.0,0.0,100.0,100.0,0.0,1,proximal ulnar metaphysis,97.0414201183432,0.0,0.0,100.0,100.0,0.0,1,proximal ulnar metaphysis,97.0414201183432,0.0,0.0,100.0,100.0,0.0
13,normal,80.19343986543313,90.24640657084188,70.0398406374502,91.54051647373109,29.9601593625498,78.86944818304171,13,normal,54.40414507772021,38.16793893129771,87.71929824561403,40.44117647058824,12.280701754385964,53.19148936170213,1,normal,44.97041420118343,15.454545454545453,100.0,38.81578947368421,0.0,26.771653543307085,1,normal,82.84023668639054,30.0,52.94117647058824,86.18421052631578,47.05882352941176,38.297872340425535
14,Overall (Macro-Average),44.617325483599664,20.18525844681307,10.787478072329268,98.49778308263583,89.21252192767072,13.40469048947863,14,Overall (Macro-Average),18.65284974093264,22.116237799467616,5.095887661311231,98.40948261776266,94.90411233868876,7.3398461215149675,1,Overall (Macro-Average),15.384615384615385,8.339517625231911,8.61928520517259,94.63890547782343,91.38071479482741,4.337441565934289,1,Overall (Macro-Average),18.34319526627219,17.30068918573981,8.949051880656155,95.80763326064077,91.05094811934384,9.122003250042765
14,Soft tissue swelling,89.86543313709,54.54545454545454,7.377049180327869,99.2970946579194,92.62295081967213,12.99638989169675,14,Soft tissue swelling,84.4559585492228,100.0,3.225806451612903,100.0,96.7741935483871,6.25,1,Soft tissue swelling,80.4733727810651,0.0,0.0,98.55072463768117,100.0,0.0,1,Soft tissue swelling,82.24852071005917,100.0,3.225806451612903,100.0,96.7741935483871,6.25
14,Joint effusion,82.46425567703953,66.66666666666666,30.831643002028397,95.96816976127322,69.1683569979716,42.163661581137305,14,Joint effusion,70.46632124352331,85.71428571428571,9.67741935483871,99.23664122137404,90.32258064516128,17.39130434782609,1,Joint effusion,62.1301775147929,28.57142857142857,3.278688524590164,95.37037037037037,96.72131147540983,5.88235294117647,1,Joint effusion,63.31360946745562,47.82608695652174,18.0327868852459,88.88888888888889,81.9672131147541,26.19047619047619
14,Distal humerus,97.30866274179984,0.0,0.0,100.0,100.0,0.0,14,Distal humerus,93.78238341968913,0.0,0.0,100.0,100.0,0.0,1,Distal humerus,94.67455621301775,0.0,0.0,100.0,100.0,0.0,1,Distal humerus,94.67455621301775,0.0,0.0,100.0,100.0,0.0
14,supracondylar,78.9318755256518,71.99074074074075,45.00723589001447,92.8275044457617,54.99276410998553,55.3873552983081,14,supracondylar,63.212435233160626,67.3913043478261,35.63218390804598,85.84905660377359,64.36781609195403,46.61654135338346,1,supracondylar,51.4792899408284,72.72727272727273,17.391304347826086,92.20779220779221,82.6086956521739,28.07017543859649,1,supracondylar,57.98816568047337,64.38356164383562,51.08695652173913,66.23376623376623,48.91304347826087,56.96969696969697
14,medial epicondyle displaced,96.88814129520605,0.0,0.0,99.8699609882965,100.0,0.0,14,medial epicondyle displaced,92.74611398963731,0.0,0.0,100.0,100.0,0.0,1,medial epicondyle displaced,95.26627218934911,0.0,0.0,100.0,100.0,0.0,1,medial epicondyle displaced,95.26627218934911,0.0,0.0,100.0,100.0,0.0
14,lateral epicondyle displaced,95.33221194280908,0.0,0.0,100.0,100.0,0.0,14,lateral epicondyle displaced,93.78238341968913,0.0,0.0,100.0,100.0,0.0,1,lateral epicondyle displaced,89.3491124260355,0.0,0.0,100.0,100.0,0.0,1,lateral epicondyle displaced,89.3491124260355,0.0,0.0,100.0,100.0,0.0
14,olecranon,97.81328847771236,0.0,0.0,100.0,100.0,0.0,14,olecranon,96.89119170984456,0.0,0.0,100.0,100.0,0.0,1,olecranon,96.44970414201184,0.0,0.0,100.0,100.0,0.0,1,olecranon,96.44970414201184,0.0,0.0,100.0,100.0,0.0
14,Elbow dislocation anterior,99.49537426408746,0.0,0.0,100.0,100.0,0.0,14,Elbow dislocation anterior,98.96373056994818,0.0,0.0,100.0,100.0,0.0,1,Elbow dislocation anterior,98.81656804733728,0.0,0.0,100.0,100.0,0.0,1,Elbow dislocation anterior,98.81656804733728,0.0,0.0,100.0,100.0,0.0
14,Elbow dislocation posterior,98.02354920100925,0.0,0.0,100.0,100.0,0.0,14,Elbow dislocation posterior,98.96373056994818,0.0,0.0,100.0,100.0,0.0,1,Elbow dislocation posterior,98.81656804733728,0.0,0.0,100.0,100.0,0.0,1,Elbow dislocation posterior,98.81656804733728,0.0,0.0,100.0,100.0,0.0
14,proximal radial,98.31791421362489,0.0,0.0,100.0,100.0,0.0,14,proximal radial,98.96373056994818,0.0,0.0,100.0,100.0,0.0,1,proximal radial,96.44970414201184,0.0,0.0,100.0,100.0,0.0,1,proximal radial,96.44970414201184,0.0,0.0,100.0,100.0,0.0
14,radial head,99.41126997476871,0.0,0.0,100.0,100.0,0.0,14,radial head,98.96373056994818,0.0,0.0,100.0,100.0,0.0,1,radial head,95.26627218934911,0.0,0.0,100.0,100.0,0.0,1,radial head,95.26627218934911,0.0,0.0,100.0,100.0,0.0
14,radial head subluxation,99.24306139613121,0.0,0.0,100.0,100.0,0.0,14,radial head subluxation,98.96373056994818,0.0,0.0,100.0,100.0,0.0,1,radial head subluxation,98.22485207100591,0.0,0.0,100.0,100.0,0.0,1,radial head subluxation,98.22485207100591,0.0,0.0,100.0,100.0,0.0
14,proximal ulnar metaphysis,98.86459209419681,0.0,0.0,100.0,100.0,0.0,14,proximal ulnar metaphysis,99.48186528497409,0.0,0.0,100.0,100.0,0.0,1,proximal ulnar metaphysis,97.0414201183432,0.0,0.0,100.0,100.0,0.0,1,proximal ulnar metaphysis,97.0414201183432,0.0,0.0,100.0,100.0,0.0
14,normal,78.7636669470143,89.39075630252101,67.80876494023904,91.00623330365093,32.191235059760956,77.11826008155867,14,normal,72.02072538860104,56.52173913043478,22.807017543859647,92.64705882352942,77.19298245614034,32.5,1,normal,44.97041420118343,15.454545454545453,100.0,38.81578947368421,0.0,26.771653543307085,1,normal,82.84023668639054,30.0,52.94117647058824,86.18421052631578,47.05882352941176,38.297872340425535
